Major,Course,Concentration,Concentration 2
applied-mathematics,MATH 112,Math and Statistics,
applied-mathematics,MATH 115,Math and Statistics,
applied-mathematics,MATH 120,Math and Statistics,
applied-mathematics,ENAS 151,Math and Statistics,
applied-mathematics,MATH 222,Math and Statistics,
applied-mathematics,MATH 225,Math and Statistics,
applied-mathematics,MATH 226,Math and Statistics,
applied-mathematics,ENAS 130,Math and Statistics,
applied-mathematics,CPSC 100,Math and Statistics,
applied-mathematics,CPSC 112,Math and Statistics,
applied-physics,PHYS 180,Physical Sciences,
applied-physics,PHYS 181,Physical Sciences,
applied-physics,PHYS 200,Physical Sciences,
applied-physics,PHYS 201,Physical Sciences,
applied-physics,PHYS 166L,Physical Sciences,
applied-physics,PHYS 206L,Physical Sciences,
applied-physics,ENAS 151,Physical Sciences,
applied-physics,MATH 120,Physical Sciences,
applied-physics,PHYS 301,Physical Sciences,
applied-physics,ENAS 194,Physical Sciences,
applied-physics,MATH 222,Physical Sciences,
applied-physics,MATH 225,Physical Sciences,
applied-physics,MATH 226,Physical Sciences,
art,ART 111,Arts and Humanities,
astronomy-(ba),PHYS 170,Physical Sciences,
astronomy-(ba),PHYS 171,Physical Sciences,
astronomy-(ba),PHYS 180,Physical Sciences,
astronomy-(ba),PHYS 181,Physical Sciences,
astronomy-(ba),PHYS 200,Physical Sciences,
astronomy-(ba),PHYS 201,Physical Sciences,
astronomy-(ba),MATH 112,Physical Sciences,
astronomy-(ba),MATH 115,Physical Sciences,
astrophysics-(bs),PHYS 180,Physical Sciences,
astrophysics-(bs),PHYS 181,Physical Sciences,
astrophysics-(bs),PHYS 200,Physical Sciences,
astrophysics-(bs),PHYS 201,Physical Sciences,
astrophysics-(bs),PHYS 260,Physical Sciences,
astrophysics-(bs),PHYS 165L,Physical Sciences,
astrophysics-(bs),PHYS 166L,Physical Sciences,
astrophysics-(bs),PHYS 205L,Physical Sciences,
astrophysics-(bs),PHYS 206L,Physical Sciences,
astrophysics-(bs),MATH 112,Physical Sciences,
astrophysics-(bs),MATH 115,Physical Sciences,
astrophysics-(bs),MATH 120,Physical Sciences,
astrophysics-(bs),ENAS 151,Physical Sciences,
biomedical-engineering,BIOL 101,Biological and Biomedical Sciences,Engineering
biomedical-engineering,BIOL 102,Biological and Biomedical Sciences,Engineering
biomedical-engineering,ENAS 194,Biological and Biomedical Sciences,Engineering
biomedical-engineering,MATH 115,Biological and Biomedical Sciences,Engineering
biomedical-engineering,MATH 120,Biological and Biomedical Sciences,Engineering
biomedical-engineering,ENAS 151,Biological and Biomedical Sciences,Engineering
biomedical-engineering,MATH 120,Biological and Biomedical Sciences,Engineering
biomedical-engineering,ENAS 151,Biological and Biomedical Sciences,Engineering
biomedical-engineering,PHYS 180,Biological and Biomedical Sciences,Engineering
biomedical-engineering,PHYS 181,Biological and Biomedical Sciences,Engineering
biomedical-engineering,PHYS 205L,Biological and Biomedical Sciences,Engineering
biomedical-engineering,PHYS 206L,Biological and Biomedical Sciences,Engineering
biomedical-engineering,PHYS 165L,Biological and Biomedical Sciences,Engineering
biomedical-engineering,PHYS 166L,Biological and Biomedical Sciences,Engineering
chemical-engineering,MATH 112,Engineering,
chemical-engineering,MATH 115,Engineering,
chemical-engineering,MATH 120,Engineering,
chemical-engineering,CHEM 161,Engineering,
chemical-engineering,CHEM 165,Engineering,
chemical-engineering,CHEM 163,Engineering,
chemical-engineering,CHEM 167,Engineering,
chemical-engineering,CHEM 134L,Engineering,
chemical-engineering,CHEM 136L,Engineering,
chemical-engineering,PHYS 180,Engineering,
chemical-engineering,PHYS 181,Engineering,
chemical-engineering,PHYS 200,Engineering,
chemical-engineering,PHYS 201,Engineering,
chemical-engineering,PHYS 260,Engineering,
chemistry,PHYS 165L,Physical Sciences,
chemistry,CHEM 163,Physical Sciences,
chemistry,CHEM 167,Physical Sciences,
chemistry,CHEM 134L,Physical Sciences,
chemistry,CHEM 136L,Physical Sciences,
chemistry,MATH 115,Physical Sciences,
chemistry,MATH 120,Physical Sciences,
chemistry,ENAS 151,Physical Sciences,
chemistry,PHYS 170,Physical Sciences,
chemistry,PHYS 180,Physical Sciences,
chemistry,PHYS 260,Physical Sciences,
chemistry,PHYS 200,Physical Sciences,
computer-science-economics,CPSC 100,Computer and Information Sciences,
computer-science-economics,CPSC 112,Computer and Information Sciences,
computer-science-economics,MATH 112,Computer and Information Sciences,
computer-science-economics,ECON 110,Computer and Information Sciences,
computer-science-economics,ECON 115,Computer and Information Sciences,
computer-science-economics,ECON 111,Computer and Information Sciences,
computer-science-economics,ECON 116,Computer and Information Sciences,
computer-science-psychology,PSYC 110,Computer and Information Sciences,
computing-arts,CPSC 100,Arts and Humanities,Computer and Information Sciences
computing-arts,CPSC 112,Arts and Humanities,Computer and Information Sciences
computing-arts,ART 111,Arts and Humanities,Computer and Information Sciences
earth-and-planetary-sciences-(ba),MATH 112,Physical Sciences,
earth-and-planetary-sciences-(ba),MATH 115,Physical Sciences,
earth-and-planetary-sciences-(ba),BIOL 101,Physical Sciences,
earth-and-planetary-sciences-(ba),BIOL 102,Physical Sciences,
earth-and-planetary-sciences-(bs),CHEM 165,Physical Sciences,
earth-and-planetary-sciences-(bs),CHEM 167,Physical Sciences,
earth-and-planetary-sciences-(bs),MATH 120,Physical Sciences,
earth-and-planetary-sciences-(bs),ENAS 151,Physical Sciences,
earth-and-planetary-sciences-(bs),ENAS 130,Physical Sciences,
earth-and-planetary-sciences-(bs),ENAS 194,Physical Sciences,
earth-and-planetary-sciences-(bs),PHYS 180,Physical Sciences,
earth-and-planetary-sciences-(bs),PHYS 181,Physical Sciences,
earth-and-planetary-sciences-(bs),PHYS 205L,Physical Sciences,
earth-and-planetary-sciences-(bs),PHYS 206L,Physical Sciences,
earth-and-planetary-sciences-(bs),PHYS 170,Physical Sciences,
earth-and-planetary-sciences-(bs),PHYS 171,Physical Sciences,
earth-and-planetary-sciences-(bs),PHYS 200,Physical Sciences,
earth-and-planetary-sciences-(bs),PHYS 201,Physical Sciences,
earth-and-planetary-sciences-(bs),BIOL 103,Physical Sciences,
earth-and-planetary-sciences-(bs),BIOL 104,Physical Sciences,
earth-and-planetary-sciences-(bs),EPS 125,Physical Sciences,
ecology-evolutionary-biology,BIOL 101,Biological and Biomedical Sciences,
ecology-evolutionary-biology,BIOL 102,Biological and Biomedical Sciences,
ecology-evolutionary-biology,BIOL 103,Biological and Biomedical Sciences,
ecology-evolutionary-biology,BIOL 104,Biological and Biomedical Sciences,
ecology-evolutionary-biology,CHEM 161,Biological and Biomedical Sciences,
ecology-evolutionary-biology,CHEM 165,Biological and Biomedical Sciences,
ecology-evolutionary-biology,CHEM 163,Biological and Biomedical Sciences,
ecology-evolutionary-biology,CHEM 167,Biological and Biomedical Sciences,
ecology-evolutionary-biology,CHEM 134L,Biological and Biomedical Sciences,
ecology-evolutionary-biology,CHEM 136L,Biological and Biomedical Sciences,
ecology-evolutionary-biology,CHEM 174,Biological and Biomedical Sciences,
ecology-evolutionary-biology,CHEM 174,Biological and Biomedical Sciences,
ecology-evolutionary-biology,CHEM 220,Biological and Biomedical Sciences,
ecology-evolutionary-biology,CHEM 221,Biological and Biomedical Sciences,
ecology-evolutionary-biology,CHEM 222L,Biological and Biomedical Sciences,
ecology-evolutionary-biology,CHEM 223L,Biological and Biomedical Sciences,
ecology-evolutionary-biology,CHEM 174,Biological and Biomedical Sciences,
ecology-evolutionary-biology,PHYS 170,Biological and Biomedical Sciences,
ecology-evolutionary-biology,PHYS 171,Biological and Biomedical Sciences,
ecology-evolutionary-biology,MATH 112,Biological and Biomedical Sciences,
ecology-evolutionary-biology,MATH 115,Biological and Biomedical Sciences,
ecology-evolutionary-biology,MATH 116,Biological and Biomedical Sciences,
ecology-evolutionary-biology,S&DS 230,Biological and Biomedical Sciences,
economics-mathematics,MATH 112,Math and Statistics,Social Sciences
economics-mathematics,MATH 115,Math and Statistics,Social Sciences
economics-mathematics,MATH 120,Math and Statistics,Social Sciences
economics-mathematics,ECON 110,Math and Statistics,Social Sciences
economics-mathematics,ECON 110,Math and Statistics,Social Sciences
economics-mathematics,ECON 111,Math and Statistics,Social Sciences
economics-mathematics,ECON 116,Math and Statistics,Social Sciences
electrical-engineering-(bs),MATH 112,Engineering,
electrical-engineering-(bs),MATH 115,Engineering,
electrical-engineering-(bs),ENAS 151,Engineering,
electrical-engineering-(bs),MATH 120,Engineering,
electrical-engineering-(bs),ENAS 130,Engineering,
electrical-engineering-(bs),PHYS 180,Engineering,
electrical-engineering-(bs),PHYS 181,Engineering,
electrical-engineering-computer-science,MATH 112,Engineering,Computer and Information Sciences
electrical-engineering-computer-science,MATH 115,Engineering,Computer and Information Sciences
electrical-engineering-computer-science,ENAS 151,Engineering,Computer and Information Sciences
electrical-engineering-computer-science,MATH 120,Engineering,Computer and Information Sciences
electrical-engineering-computer-science,CPSC 112,Engineering,Computer and Information Sciences
electrical-engineering-computer-science,PHYS 180,Engineering,Computer and Information Sciences
electrical-engineering-computer-science,PHYS 181,Engineering,Computer and Information Sciences
electrical-engineering-computer-science,PHYS 200,Engineering,Computer and Information Sciences
electrical-engineering-computer-science,PHYS 201,Engineering,Computer and Information Sciences
engineering-sciences-chemical,MATH 112,Engineering,
engineering-sciences-chemical,MATH 115,Engineering,
engineering-sciences-chemical,ENAS 151,Engineering,
engineering-sciences-chemical,MATH 120,Engineering,
engineering-sciences-chemical,CHEM 161,Engineering,
engineering-sciences-chemical,CHEM 165,Engineering,
engineering-sciences-chemical,CHEM 163,Engineering,
engineering-sciences-chemical,CHEM 167,Engineering,
engineering-sciences-chemical,CHEM 134L,Engineering,
engineering-sciences-chemical,CHEM 136L,Engineering,
engineering-sciences-chemical,PHYS 180,Engineering,
engineering-sciences-chemical,PHYS 181,Engineering,
engineering-sciences-chemical,PHYS 200,Engineering,
engineering-sciences-chemical,PHYS 201,Engineering,
engineering-sciences-chemical,PHYS 260,Engineering,
engineering-sciences-electrical,MATH 112,Engineering,
engineering-sciences-electrical,MATH 115,Engineering,
engineering-sciences-electrical,ENAS 151,Engineering,
engineering-sciences-electrical,MATH 120,Engineering,
engineering-sciences-electrical,ENAS 130,Engineering,
engineering-sciences-electrical,PHYS 180,Engineering,
engineering-sciences-electrical,PHYS 181,Engineering,
engineering-sciences-electrical,PHYS 170,Engineering,
engineering-sciences-electrical,PHYS 171,Engineering,
engineering-sciences-environmental,MATH 112,Engineering,
engineering-sciences-environmental,MATH 115,Engineering,
engineering-sciences-environmental,PHYS 170,Engineering,
engineering-sciences-environmental,PHYS 171,Engineering,
engineering-sciences-mechanical-(ba),MATH 112,Engineering,
engineering-sciences-mechanical-(ba),MATH 115,Engineering,
engineering-sciences-mechanical-(ba),PHYS 170,Engineering,
engineering-sciences-mechanical-(ba),PHYS 171,Engineering,
engineering-sciences-mechanical-(bs),MATH 112,Engineering,
engineering-sciences-mechanical-(bs),MATH 115,Engineering,
engineering-sciences-mechanical-(bs),ENAS 151,Engineering,
engineering-sciences-mechanical-(bs),PHYS 180,Engineering,
engineering-sciences-mechanical-(bs),PHYS 181,Engineering,
engineering-sciences-mechanical-(bs),PHYS 200,Engineering,
engineering-sciences-mechanical-(bs),PHYS 201,Engineering,
engineering-sciences-mechanical-(bs),PHYS 165L,Engineering,
engineering-sciences-mechanical-(bs),PHYS 205L,Engineering,
engineering-sciences-mechanical-(bs),PHYS 166L,Engineering,
engineering-sciences-mechanical-(bs),PHYS 206L,Engineering,
environmental-engineering,MATH 112,Engineering,
environmental-engineering,MATH 115,Engineering,
environmental-engineering,MATH 120,Engineering,
environmental-engineering,ENAS 151,Engineering,
environmental-engineering,ENAS 194,Engineering,
environmental-engineering,PHYS 180,Engineering,
environmental-engineering,PHYS 181,Engineering,
environmental-engineering,BIOL 101,Engineering,
environmental-engineering,BIOL 102,Engineering,
environmental-engineering,BIOL 103,Engineering,
environmental-engineering,BIOL 104,Engineering,
environmental-studies-(bs),MATH 112,Engineering,
environmental-studies-(bs),PHYS 170,Engineering,
environmental-studies-(bs),CHEM 167,Engineering,
environmental-studies-(bs),BIOL 101,Engineering,
environmental-studies-(bs),BIOL 102,Engineering,
environmental-studies-(bs),BIOL 103,Engineering,
environmental-studies-(bs),BIOL 104,Engineering,
environmental-studies-(bs),EPS 125,Engineering,
ethics-politics-economics,ECON 110,Social Sciences,Arts and Humanities
ethics-politics-economics,ECON 115,Social Sciences,Arts and Humanities
ethics-politics-economics,ECON 111,Social Sciences,Arts and Humanities
ethics-politics-economics,ECON 116,Social Sciences,Arts and Humanities
ethics-politics-economics,S&DS 230,Social Sciences,Arts and Humanities
ethics-politics-economics,S&DS 230,Social Sciences,Arts and Humanities
mathematics,MATH 112,Math and Statistics,
mathematics,MATH 115,Math and Statistics,
mathematics-philosophy,MATH 112,Math and Statistics,
mathematics-philosophy,MATH 115,Math and Statistics,
mathematics-philosophy,MATH 120,Math and Statistics,Arts and Humanities
mathematics-physics,MATH 112,Math and Statistics,
mathematics-physics,MATH 115,Math and Statistics,
mathematics-physics,MATH 120,Math and Statistics,
mathematics-physics,PHYS 180,Math and Statistics,
mathematics-physics,PHYS 181,Math and Statistics,
mathematics-physics,PHYS 200,Math and Statistics,
mathematics-physics,PHYS 201,Math and Statistics,
mathematics-physics,PHYS 260,Math and Statistics,
mathematics-physics,PHYS 261,Math and Statistics,
mathematics-physics,PHYS 205L,Math and Statistics,
mathematics-physics,PHYS 206L,Math and Statistics,
mechanical-engineering-(bs),MATH 112,Engineering,
mechanical-engineering-(bs),MATH 115,Engineering,
mechanical-engineering-(bs),ENAS 151,Engineering,
mechanical-engineering-(bs),PHYS 180,Engineering,
mechanical-engineering-(bs),PHYS 181,Engineering,
mechanical-engineering-(bs),PHYS 200,Engineering,
mechanical-engineering-(bs),PHYS 201,Engineering,
mechanical-engineering-(bs),PHYS 165L,Engineering,
mechanical-engineering-(bs),PHYS 205L,Engineering,
mechanical-engineering-(bs),PHYS 166L,Engineering,
mechanical-engineering-(bs),PHYS 206L,Engineering,
mechanical-engineering-(bs),CHEM 161,Engineering,
molecular-biophysics-biochemistry,BIOL 101,Biological and Biomedical Sciences,
molecular-biophysics-biochemistry,BIOL 102,Biological and Biomedical Sciences,
molecular-biophysics-biochemistry,BIOL 103,Biological and Biomedical Sciences,
molecular-biophysics-biochemistry,BIOL 104,Biological and Biomedical Sciences,
molecular-biophysics-biochemistry,MATH 112,Biological and Biomedical Sciences,
molecular-biophysics-biochemistry,MATH 116,Biological and Biomedical Sciences,
molecular-cellular-developmental-biology,BIOL 101,Biological and Biomedical Sciences,
molecular-cellular-developmental-biology,BIOL 102,Biological and Biomedical Sciences,
molecular-cellular-developmental-biology,BIOL 103,Biological and Biomedical Sciences,
molecular-cellular-developmental-biology,BIOL 104,Biological and Biomedical Sciences,
molecular-cellular-developmental-biology,MATH 115,Biological and Biomedical Sciences,
molecular-cellular-developmental-biology,PHYS 170,Biological and Biomedical Sciences,
molecular-cellular-developmental-biology,PHYS 180,Biological and Biomedical Sciences,
molecular-cellular-developmental-biology,PHYS 171,Biological and Biomedical Sciences,
molecular-cellular-developmental-biology,PHYS 181,Biological and Biomedical Sciences,
molecular-cellular-developmental-biology,CHEM 161,Biological and Biomedical Sciences,
molecular-cellular-developmental-biology,CHEM 165,Biological and Biomedical Sciences,
molecular-cellular-developmental-biology,CHEM 163,Biological and Biomedical Sciences,
molecular-cellular-developmental-biology,CHEM 167,Biological and Biomedical Sciences,
molecular-cellular-developmental-biology,CHEM 134L,Biological and Biomedical Sciences,
molecular-cellular-developmental-biology,CHEM 136L,Biological and Biomedical Sciences,
molecular-cellular-developmental-biology,CHEM 174,Biological and Biomedical Sciences,
molecular-cellular-developmental-biology,CHEM 174,Biological and Biomedical Sciences,
molecular-cellular-developmental-biology,CHEM 220,Biological and Biomedical Sciences,
molecular-cellular-developmental-biology,CHEM 221,Biological and Biomedical Sciences,
molecular-cellular-developmental-biology,CHEM 222L,Biological and Biomedical Sciences,
molecular-cellular-developmental-biology,CHEM 223L,Biological and Biomedical Sciences,
molecular-cellular-developmental-biology,CHEM 174,Biological and Biomedical Sciences,
neuroscience,BIOL 101,Biological and Biomedical Sciences,
neuroscience,BIOL 102,Biological and Biomedical Sciences,
neuroscience,BIOL 103,Biological and Biomedical Sciences,
neuroscience,BIOL 104,Biological and Biomedical Sciences,
neuroscience,S&DS 230,Biological and Biomedical Sciences,
philosophy,PSYC 110,Arts and Humanities,
physics,PHYS 170,Physical Sciences,
physics,PHYS 171,Physical Sciences,
physics,PHYS 180,Physical Sciences,
physics,PHYS 181,Physical Sciences,
physics,PHYS 200,Physical Sciences,
physics,PHYS 201,Physical Sciences,
physics,PHYS 260,Physical Sciences,
physics,PHYS 261,Physical Sciences,
physics,PHYS 205L,Physical Sciences,
physics,PHYS 206L,Physical Sciences,
physics,PHYS 165L,Physical Sciences,
physics,PHYS 166L,Physical Sciences,
physics-geosciences,MATH 120,Physical Sciences,
physics-geosciences,PHYS 170,Physical Sciences,
physics-geosciences,PHYS 171,Physical Sciences,
physics-geosciences,PHYS 205L,Physical Sciences,
physics-geosciences,PHYS 206L,Physical Sciences,
physics-geosciences,ENAS 194,Physical Sciences,
physics-geosciences,PHYS 301,Physical Sciences,
physics-philosophy,MATH 120,Physical Sciences,Arts and Humanities
physics-philosophy,PHYS 170,Physical Sciences,Arts and Humanities
physics-philosophy,PHYS 171,Physical Sciences,Arts and Humanities
physics-philosophy,PHYS 180,Physical Sciences,Arts and Humanities
physics-philosophy,PHYS 181,Physical Sciences,Arts and Humanities
physics-philosophy,PHYS 200,Physical Sciences,Arts and Humanities
physics-philosophy,PHYS 201,Physical Sciences,Arts and Humanities
physics-philosophy,PHYS 260,Physical Sciences,Arts and Humanities
physics-philosophy,PHYS 261,Physical Sciences,Arts and Humanities
physics-philosophy,PHYS 165L,Physical Sciences,Arts and Humanities
physics-philosophy,PHYS 166L,Physical Sciences,Arts and Humanities
physics-philosophy,PHYS 205L,Physical Sciences,Arts and Humanities
physics-philosophy,PHYS 206L,Physical Sciences,Arts and Humanities
psychology,PSYC 110,Social Science,
russian,RUSS 140,Arts and Humanities,
russian,RUSS 142,Arts and Humanities,
russian,RUSS 145,Arts and Humanities,
russian-east-european-studies,RUSS 140,Arts and Humanities,
russian-east-european-studies,RUSS 142,Arts and Humanities,
russian-east-european-studies,RUSS 145,Arts and Humanities,
statistics,MATH 120,Math and Statistics,
statistics,ENAS 151,Math and Statistics,